Kanji,Hiragana,English
呼び掛ける,よびかける,"to call out to,to accost,to address (crowd),to appeal"
定員,ていいん,"fixed number of regular personnel,capacity (of boat, etc.)"
地盤,じばん,(the) ground
,そのため,"hence,for that reason"
占う,うらなう,"to forecast,to predict"
特殊,とくしゅ,"special,unique"
仮名遣い,かなづかい,"kana orthography,syllabary spelling"
四季,しき,four seasons
成立,せいりつ,"coming into existence,arrangements,establishment,completion"
,おかげさまで,"Thanks to god,thanks to you"
固い,かたい,"stubborn,firm (not viscous or easily moved)"
生存,せいぞん,"existence,being,survival"
響き,ひびき,"echo,sound,reverberation,noise"
活力,かつりょく,"vitality,energy"
楕円,だえん,ellipse
出張,しゅっちょう,"official tour,business trip"
,レベル,level
架空,かくう,"aerial,overhead,fiction,fanciful"
梯子,はしご,"ladder,stairs"
鉢,はち,"a bowl,a pot"
美容,びよう,beauty of figure or form
整備,せいび,"adjustment,completion,consolidation"
払い込む,はらいこむ,"to deposit,to pay in"
焚く,たく,"to burn,to kindle,to build a fire"
課税,かぜい,taxation
堅い,かたい,"hard (esp. wood),steadfast,honorable,stuffy writing"
青白い,あおじろい,"pale,pallid"
,ばからしい,absurd
蒸し暑い,むしあつい,"humid,sultry"
,サンプル,sample
工員,こういん,factory worker
直径,ちょっけい,diameter
早口,はやくち,fast-talking
煙い,けむい,smoky
紅葉,もみじ,(1) (Japanese) maple
明け方,あけがた,dawn
正門,せいもん,"main gate,main entrance"
不通,ふつう,"suspension,interruption,stoppage,tie-up,cessation"
花嫁,はなよめ,bride
詫びる,わびる,to apologize
,やむをえない,"cannot be helped,unavoidable"
屋外,おくがい,outdoors
万歳,ばんざい,"hurrah, cheers"
訳す,やくす,to translate
,はきはき,lucidly
,あてはまる,"to be applicable,to come under (a category),to fulfill"
鈴,すず,bell
,やっつける,"to attack (an enemy),to beat,to do away with,to finish off"
,カセット,cassette (tape)
引き止める,ひきとめる,"to detain,to check,to restrain"
略す,りゃくす,to abbreviate
効力,こうりょく,"effect,efficacy,validity,potency"
原産,げんさん,"place of origin,habitat"
一段と,いちだんと,"greater,more,further,still more"
広さ,ひろさ,extent
夫妻,ふさい,"man and wife,married couple"
演劇,えんげき,play (theatrical)
,あかんぼう,baby
暴れる,あばれる,"to act violently,to rage,to struggle,to be riotous"
,のこぎり,saw
緯度,いど,latitude (nav.)
,ほどく,to unfasten
見付かる,みつかる,"to be found,to be discovered"
商業,しょうぎょう,"commerce,trade,business"
器具,きぐ,utensil
,フリー,free
釜,かま,"iron pot,kettle"
酒場,さかば,"bar,bar-room"
,スケジュール,schedule
祭る,まつる,"to deify,to enshrine"
,かわいがる,"to love,to be affectionate"
同格,どうかく,"the same rank,equality,apposition"
大通り,おおどおり,main street
法則,ほうそく,"law,rule"
実物,じつぶつ,"real thing,original"
張り切る,はりきる,"to be in high spirits,to be full of vigor"
点ける,つける,"to turn on,to switch on,to light up"
長所,ちょうしょ,"(1) strong point,merit,(2) advantage"
揃う,そろう,"to become complete,to be equal,to be all present,to gather"
就任,しゅうにん,"inauguration,assumption of office"
調味料,ちょうみりょう,"condiment,seasoning"
煉瓦,れんが,brick
月給,げっきゅう,monthly salary
打ち消す,うちけす,"to deny,to negate,to contradict"
謙遜,けんそん,"humble,humility,modesty"
吐き気,はきけ,"nausea,sickness in the stomach"
点く,つく,"to catch fire,(electricity) comes on"
憧れる,あこがれる,"to long for,to yearn after,to admire"
宛名,あてな,"address,direction"
驚かす,おどろかす,"to surprise,to frighten,to create a stir"
積む,つむ,"to pile up,to stack"
真似る,まねる,"to mimic,to imitate"
田植え,たうえ,rice planting
調節,ちょうせつ,"regulation,adjustment,control"
延びる,のびる,to be prolonged
,おやつ,"(1) between meal snack,afternoon refreshment"
勝負,しょうぶ,"victory or defeat,match,contest,game,bout"
受話器,じゅわき,(telephone) receiver
手首,てくび,wrist
寝巻,ねまき,"sleep-wear,nightclothes,pyjamas,nightgown,nightdress"
押える,おさえる,"to stop,to restrain,to seize,to repress,to suppress,to press down"
芸能,げいのう,"public entertainment,accomplishments,attainments"
掃く,はく,"to sweep,to brush,to gather up"
鉄橋,てっきょう,"railway bridge,iron bridge"
電池,でんち,battery
取り消す,とりけす,to cancel
姪,めい,niece
,ごちそうさま,feast
始めに,はじめに,"to begin with,first of all"
持参,じさん,"bringing,taking,carrying"
列島,れっとう,chain of islands
,かゆい,"itchy,itching"
一旦,いったん,"once,for a moment,one morning,temporarily"
,おだいじに,Take care of yourself
誓う,ちかう,"to swear,to vow,to take an oath,to pledge"
中旬,ちゅうじゅん,second third of a month
賞金,しょうきん,"prize,monetary award"
回数券,かいすうけん,book of tickets
直通,ちょくつう,direct communication
金魚,きんぎょ,goldfish
卸す,おろす,"to sell wholesale,grated (vegetables)"
性能,せいのう,"ability,efficiency"
順々,じゅんじゅん,"in order,in turn"
,レンズ,lens
産地,さんち,producing area
酢,す,vinegar
水蒸気,すいじょうき,"water vapour,steam"
稀,まれ,"rare,seldom"
,すっきり,"shapely,clear,neat"
両側,りょうがわ,both sides
,ポスター,poster
便箋,びんせん,"writing paper,stationery"
日陰,ひかげ,shadow
圧縮,あっしゅく,"compression,condensation,pressure"
超える,こえる,"to exceed,to cross over,to cross"
体操,たいそう,"gymnastics,physical exercises,calisthenics"
,そのほか,otherwise
無数,むすう,"countless number,infinite number"
御免,ごめん,"your pardon,declining (something),dismissal,permission"
跳ねる,はねる,"to jump,to leap"
突き当たる,つきあたる,"to run into,to collide with"
真空,しんくう,"vacuum,hollow,empty"
待ち合わせる,まちあわせる,"to rendezvous,to meet at a prearranged place and time"
出勤,しゅっきん,"going to work,at work"
標識,ひょうしき,"sign,mark"
手帳,てちょう,notebook
対策,たいさく,"counter-plan,counter-measure"
散らす,ちらす,"to scatter,to disperse,to distribute"
だいいち,（副）,"first,foremost,# 1"
,おまちどおさま,Sorry to have kept you waiting
園芸,えんげい,"horticulture,gardening"
重量,じゅうりょう,"(1) weight,(2) heavyweight boxer"
案外,あんがい,unexpectedly
代名詞,だいめいし,pronoun
公表,こうひょう,"official announcement,proclamation"
射す,さす,"to shine,to strike"
稽古,けいこ,"practice,training,study"
活躍,かつやく,activity
崩す,くずす,"to destroy,to pull down,to make change (money)"
見慣れる,みなれる,"to become used to seeing,to be familiar with"
広場,ひろば,plaza
薬缶,やかん,kettle
学級,がっきゅう,grade in school
下る,くだる,"to get down,to descend"
,おしゃれ,"smartly dressed,someone smartly dressed,fashion-conscious"
内線,ないせん,"phone extension,indoor wiring,inner line"
雑音,ざつおん,"noise (jarring, grating)"
下町,したまち,"Shitamachi,lower parts of town"
建つ,たつ,"to erect,to be erected,to be built"
定期券,ていきけん,"commuter pass,season ticket"
王女,おうじょ,princess
けれど/けれども,,"but,however"
神様,かみさま,god
遠足,えんそく,"trip,hike,picnic"
要旨,ようし,"gist,essentials,summary,fundamentals"
,きっかけ,"chance,start,cue,excuse"
大学院,だいがくいん,graduate school
車庫,しゃこ,"garage,car shed"
,のろのろ,"slowly,sluggishly"
職人,しょくにん,"worker,mechanic,artisan,craftsman"
消毒,しょうどく,"disinfection,sterilization"
炊事,すいじ,"cooking,culinary arts"
不運,ふうん,"unlucky,misfortune,bad luck,fate"
寝台,しんだい,"bed,couch"
汲む,くむ,"(1) to draw (water),to dip,to scoop,to pump"
,カーブ,"(1) curve,(2) curve ball (baseball)"
物騒,ぶっそう,"dangerous,disturbed,insecure"
日程,にってい,agenda
仲良し,なかよし,"intimate friend,bosom buddy,chum"
区切る,くぎる,"to punctuate,to cut off,to mark off,to stop,to put an end to"
測量,そくりょう,"measurement,surveying"
,サークル,"circle,sports club (i.e. at a company)"
,うんと,"a great deal,very much"
思い掛けない,おもいがけない,"unexpected,casual"
公害,こうがい,"public nuisance,pollution"
,スクール,school
反省,はんせい,"reflection,reconsideration,introspection,meditation,contemplation"
初級,しょきゅう,elementary level
扇ぐ,あおぐ,"to fan,to flap"
具える,そなえる,to be furnished with
足袋,たび,"tabi,Japanese socks (with split toe)"
膨大,ぼうだい,"huge,bulky,enormous,extensive,swelling,expansion"
拭く,ふく,"to wipe,to dry"
,じゃんけん,(n) rock-scissors-paper game
,オルガン,organ
寿命,じゅみょう,life span
瓦,かわら,roof tile
,ブローチ,brooch
空想,くうそう,"daydream,fantasy,fancy,vision"
照る,てる,to shine
農村,のうそん,"agricultural community,farm village,rural"
転がす,ころがす,to roll
浮ぶ,うかぶ,"to float,to rise to surface,to come to mind"
寝間着,ねまき,"sleep-wear,nightclothes,pyjamas,nightgown,nightdress"
丼,どんぶり,"porcelain bowl,bowl of rice with food on top"
南極,なんきょく,"south pole,Antarctic"
散らかる,ちらかる,"to be in disorder,to lie scattered around"
揚げる,あげる,"to lift,to fry"
中世,ちゅうせい,"Middle Ages,mediaeval times"
肘,ひじ,elbow
統一,とういつ,"unity,consolidation,uniformity"
随筆,ずいひつ,"essays,miscellaneous writings"
,ストップ,stop
,ダイヤル,dial
座布団,ざぶとん,cushion (Japanese)
北極,ほっきょく,North Pole
実る,みのる,"to bear fruit,to ripen"
面積,めんせき,area
破片,はへん,"fragment,splinter,broken piece"
,まごまご,confused
税関,ぜいかん,customs house
作る/造る,つくる,"to make,to create"
,リポート,"report,paper"
杉,すぎ,Japanese cedar
潰す,つぶす,"to smash,to waste"
捕る,とる,"to take,to catch (fish),to capture"
近々,ちかぢか,"nearness,before long"
,モダン,modern
,ちぎる,"to cut up fine,to pick (fruit)"
客間,きゃくま,"parlor,guest room"
逆様,さかさま,"inversion,upside down"
清掃,せいそう,cleaning
実感,じっかん,"feelings (actual, true)"
並行,へいこう,"(going) side by side,concurrent,abreast,at the same time"
安易,あんい,easy-going
円周,えんしゅう,circumference
田ぼ,たんぼ,"paddy field,farm"
突く,つく,"(1) to thrust,to strike,(2) to poke"
友好,ゆうこう,friendship
活字,かつじ,printing type
蛇口,じゃぐち,"faucet,tap"
狙い,ねらい,aim
,コース,course
本来,ほんらい,"essentially,naturally,by nature"
未満,みまん,"less than,insufficient"
振舞う,ふるまう,"to behave,to conduct oneself,to entertain (vt)"
送り仮名,おくりがな,part of word written in kana
日帰り,ひがえり,day trip
,わりあいに,comparatively
,ぶつかる,"to strike,to collide with"
,こんばんは,good evening
鉄砲,てっぽう,gun
敷く,しく,"to spread out,to lay out"
賞品,しょうひん,"prize,trophy"
受取,うけとり,receipt
,うっかり,"carelessly,thoughtlessly,inadvertently"
洗剤,せんざい,"detergent,washing material"
錆びる,さびる,"to rust,to become rusty"
鉱物,こうぶつ,mineral
,くれぐれも,"repeatedly,sincerely,earnestly"
刺さる,ささる,"to stick,to be stuck"
船便,ふなびん,surface mail (ship)
真っ先,まっさき,"the head,the foremost,beginning"
手洗い,てあらい,"restroom,lavatory,hand-washing"
人差指,ひとさしゆび,index finger
現に,げんに,"actually,really"
電球,でんきゅう,light bulb
枕,まくら,"pillow,bolster"
,ともかく,"anyhow,anyway,somehow or other,generally speaking,in any case"
貸家,かしや,house for rent
一休み,ひとやすみ,a rest
,マラソン,marathon
正方形,せいほうけい,square
捜す,さがす,"to search,to seek,to look for"
経度,けいど,longitude
専制,せんせい,"despotism,autocracy"
,しゃぶる,"to suck,to chew"
付近,ふきん,"neighbourhood,vicinity,environs"
水滴,すいてき,drop of water
挿す,さす,"to insert,to put in,to graft,to wear in belt"
被せる,かぶせる,to cover (with something)
,ローマじ,"romanization,Roman letters"
突っ込む,つっこむ,"to plunge into,to go into deeply"
引っ繰り返る,ひっくりかえる,"to be overturned,to be upset,to topple over,to be reversed"
濁る,にごる,"to become muddy,to get impure"
改める,あらためる,"to change,to alter,to reform,to revise"
承る,うけたまわる,"(hum) to hear,to be told,to know"
隙間,すきま,"crevice,crack,gap,opening"
糊,のり,"paste,starch"
石鹸,せっけん,soap
全身,ぜんしん,"the whole body,full-length (portrait)"
送料,そうりょう,"postage,carriage"
気を付ける,きをつける,"to be careful,to pay attention,to take care"
刺す,さす,"to pierce,to stab,to prick,to thrust"
予備,よび,"preparation,preliminaries,reserve,spare"
侵入,しんにゅう,"penetration,invasion,raid,aggression,trespass"
広める,ひろめる,"to broaden,to propagate"
西暦,せいれき,"Christian Era,anno domini (A.D.)"
全集,ぜんしゅう,complete works
為替,かわせ,"money order,exchange"
堀,ほり,"moat,canal"
冷ます,さます,"to cool,to dampen,to let cool"
攻める,せめる,"to attack,to assault"
著す,あらわす,"to write,to publish"
四捨五入,ししゃごにゅう,rounding up (fractions)
競馬,けいば,horse racing
勇ましい,いさましい,"brave,valiant,gallant,courageous"
平日,へいじつ,"weekday,ordinary days"
鑑賞,かんしょう,appreciation
氏名,しめい,"full name,identity"
分解,ぶんかい,"analysis,disassembly"
回り道,まわりみち,detour
,はめる,"(col) to get in,to insert,to put on,to make love"
的確,てきかく,"precise,accurate"
冷める,さめる,"to become cool,to wear off,to abate,to subside"
流行る,はやる,"to flourish,to thrive,to be popular,to come into fashion"
停止,ていし,"suspension,interruption,stoppage,ban"
合理,ごうり,rational
,キャンパス,campus
,テニスコート,tennis court
銘々,めいめい,"each,individual"
乗車,じょうしゃ,"taking a train,entraining"
文体,ぶんたい,literary style
郡,ぐん,"country,district"
,ランニング,"(1) running,(2) tank top"
刷る,する,to print
蹴る,ける,to kick
塞ぐ,ふさぐ,"to stop up,to close up,to block (up)"
草履,ぞうり,"zoori (Japanese footwear),sandals"
空中,くうちゅう,"sky,air"
縞,しま,stripe
大して,たいして,"(not so) much,(not) very"
月日,つきひ,"time,years,days"
紙幣,しへい,"paper money,notes,bills"
尖る,とがる,"to taper to a point,to become sharp,to be sour,to look displeased"
売買,ばいばい,"trade,buying and selling"
,スカーフ,scarf
銅,どう,copper
,おどかす,"to threaten,to coerce"
,でたらめ,"(1) irresponsible utterance,nonsense,nonsensical,(2) random"
反映,はんえい,"reflection,influence"
教養,きょうよう,"culture,education,refinement,cultivation"
増減,ぞうげん,"increase and decrease,fluctuation"
養分,ようぶん,"nourishment,nutrient"
,ためらう,to hesitate
名物,めいぶつ,"famous product,special product,speciality"
歌謡,かよう,"song,ballad"
湿気,しっけ,"moisture,humidity,dampness"
覗く,のぞく,"to peep in,to look in,to peek in,to stick out"
血液,けつえき,blood
幼児,ようじ,"infant,baby,child"
問答,もんどう,"questions and answers,dialogue"
箒,ほうき,(n) broom
長女,ちょうじょ,eldest daughter
分る,わかる,to be understood
削る,けずる,"to cut down little by little,to take a percentage"
材木,ざいもく,"lumber,timber"
妥当,だとう,"valid,proper,right,appropriate"
巡る,めぐる,to go around
目上,めうえ,"superior(s),senior"
表紙,ひょうし,"front cover,binding"
本部,ほんぶ,headquarters
瞳,ひとみ,pupil (of eye)
小遣い,こづかい,"personal expenses,pocket money,spending money,incidental expenses,allowance"
,ぴかぴか,"glitter,sparkle"
加熱,かねつ,heating
文房具,ぶんぼうぐ,stationery
,もしかしたら,"perhaps,maybe,by some chance"
,ゴム,"gum,rubber,eraser"
可決,かけつ,"approval,adoption (e.g. motion, bill),passage"
生け花,いけばな,(1) flower arrangement
荒い,あらい,"rough,rude,wild"
小便,しょうべん,"(col) urine,piss"
帰す,かえす,to send back
,よこす,"(1) to send,to forward,(2) to hand over (e.g. money)"
酸性,さんせい,acidity
,オーケストラ,orchestra
垣根,かきね,hedge
南米,なんべい,South America
御馳走,ごちそう,"feast,treating (someone)"
電柱,でんちゅう,"telephone pole,telegraph pole,lightpole"
逆さ,さかさ,"reverse,inversion,upside down"
,ひとりでに,"by itself,automatically,naturally"
白髪,しらが,"white or grey hair,trendy hair bleaching"
綱,つな,rope
,こらえる,"to bear,to stand,to endure,to put up with"
売店,ばいてん,"shop,stand"
陽射,ひざし,"sunlight,rays of the sun"
,まぶた,eyelids
親類,しんるい,"relation,kin"
勝敗,しょうはい,"victory or defeat,issue (of battle)"
伯父さん,おじさん,"middle-aged gentleman,uncle"
髭,ひげ,"moustache,beard,whiskers"
,マスク,mask
腰掛ける,こしかける,to sit (down)
纏める,まとめる,"to put in order,to collect,to bring to a conclusion"
御中,おんちゅう,"and Company,Messrs."
,マンション,"large apartment,apartment house"
貸し出し,かしだし,"lending,loaning"
,おおざっぱ,"rough (not precise),broad,sketchy"
題名,だいめい,title
雑巾,ぞうきん,"house-cloth,dust cloth"
浴衣,ゆかた,"bathrobe,informal summer kimono,yukata"
,ずらす,"to put off,to delay"
武士,ぶし,"warrior,samurai"
,ぶらさげる,"to hang,to suspend,to dangle,to swing"
寸法,すんぽう,"measurement,size,dimension"
床屋,とこや,barber
,バランス,balance
必需品,ひつじゅひん,"necessities,necessary article,requisite,essential"
書籍,しょせき,"book,publication"
目印,めじるし,"mark,sign,landmark"
中身,なかみ,"contents,interior,substance,filling,(sword) blade"
朗らか,ほがらか,"brightness,cheerfulness,melodious"
灯台,とうだい,lighthouse
比較的,ひかくてき,"comparatively,relatively"
形式,けいしき,"form,formality,format,math expression"
特長,とくちょう,"forte,merit"
複数,ふくすう,"plural,multiple"
全般,ぜんぱん,"(the) whole,universal,wholly,general"
造船,ぞうせん,shipbuilding
看板,かんばん,"sign,signboard,doorplate,poster"
歯車,はぐるま,"gear,cog-wheel"
断定,だんてい,"conclusion,decision"
,あきれる,"to be amazed,to be shocked"
人通り,ひとどおり,pedestrian traffic
日の出,ひので,sunrise
大工,だいく,carpenter
悔やむ,くやむ,to mourn
埋める,うめる,"to bury,to fill up,to fill (a seat, a vacant position)"
,インキ,ink
剥す,はがす,"(v5s) to tear off,to peel off,to rip off"
,ヘリコプター,helicopter
執筆,しっぴつ,writing
英和,えいわ,English-Japanese (e.g. dictionary)
文芸,ぶんげい,"literature,art and literature,belles-lettres"
保健,ほけん,"health preservation,hygiene,sanitation"
分かれる,わかれる,"to branch off,to diverge from,to fork,to split,to dispense,to scatter,to divide into"
蛍光灯,けいこうとう,"fluorescent lamp,person who is slow to react"
,スピーカー,speaker
増やす,ふやす,"to increase,to add to,to augment"
娯楽,ごらく,"pleasure,amusement"
椀,わん,"Japanese soup bowl,wooden bowl"
,メーター,meter (clock)
領事,りょうじ,consul
毛糸,けいと,knitting wool
向う,むかう,"(v5u) to face,to go towards"
,ベテラン,veteran
畳む,たたむ,to fold (clothes)
分数,ぶんすう,fraction (in math)
応用,おうよう,"application,put to practical use"
只,ただ,"free of charge,mere,sole,only,usual,common"
運河,うんが,"canal,waterway"
郵送,ゆうそう,mailing
将棋,しょうぎ,Japanese chess
実習,じっしゅう,"practice,training"
,なんとも,"nothing (with neg. verb),quite,not a bit"
兼ねる,かねる,"to hold (position),to serve,to be unable"
余所,よそ,"another place,somewhere else,strange parts"
,ばね,"spring (e.g. coil, leaf)"
対照,たいしょう,"contrast,antithesis,comparison"
作者,さくしゃ,"author,authoress"
,ロッカー,locker
,やかましい,"(1) noisy,(2) strict,fussy"
炭鉱,たんこう,"coal mine,coal pit"
役者,やくしゃ,"actor,actress"
再来週,さらいしゅう,week after next
掘る,ほる,"to dig,to excavate"
方言,ほうげん,dialect
為す,なす,"to accomplish,to do"
写る,うつる,"to be photographed,to be projected"
,なんとなく,"somehow or other,for some reason or another"
,とっくに,"long ago,already,a long time ago"
打合せ,うちあわせ,"business meeting,previous arrangement,appointment"
塞がる,ふさがる,"to be plugged up,to be shut up"
枚数,まいすう,the number of flat things
縫う,ぬう,to sew
顕微鏡,けんびきょう,microscope
生える,はえる,"(1) to grow,to spring up,(2) to cut (teeth)"
固まる,かたまる,"to harden,to solidify,to become firm,to become certain"
引っ繰り返す,ひっくりかえす,"to turn over,to overturn,to knock over,to upset,to turn inside out"
,あらすじ,"outline,summary"
通り掛かる,とおりかかる,to happen to pass by
循環,じゅんかん,"circulation,rotation,cycle"
教わる,おそわる,to be taught
,チップ,"(1) gratuity,tip,(2) chip"
鳴らす,ならす,"to ring,to sound,to chime,to beat,to snort (nose)"
英文,えいぶん,sentence in English
,イコール,equal
碗,わん,bowl
一昨年,いっさくねん,year before last
公務,こうむ,"official business,public business"
蒸気,じょうき,"steam,vapour"
,ペンチ,(abbr) pliers (lit: pinchers)
縛る,しばる,"to tie,to bind"
締切,しめきり,"closing,cut-off,end,deadline,Closed,No Entrance"
撮影,さつえい,photographing
絞る,しぼる,"to press,to wring,to squeeze"
剃る,そる,to shave
構造,こうぞう,"structure,construction"
偉い,えらい,"great,celebrated,eminent,terrible,awful,famous,remarkable,excellent"
酔っ払い,よっぱらい,drunkard
煙突,えんとつ,chimney
缶詰,かんづめ,"packing (in cans),canning,canned goods,tin can"
公正,こうせい,"justice,fairness,impartiality"
漁業,ぎょぎょう,fishing (industry)
,ずうずうしい,"impudent,shameless"
有無,うむ,"yes or no,existence,flag indicator (comp),presence or absence marker"
観測,かんそく,observation
診る,みる,to examine (medical)
写生,しゃせい,"sketching,drawing from nature"
叔母さん,おばさん,"(1) aunt,(2) middle-aged lady"
学会,がっかい,"scientific society,academic meeting"
心得る,こころえる,"to be informed,to have thorough knowledge"
見下ろす,みおろす,"to overlook,to command a view of,to look down on something"
果実,かじつ,"fruit,nut,berry."
浮かべる,うかべる,"to float,to express,to look (sad, glad)"
淡水,たんすい,fresh water
特色,とくしょく,"characteristic,feature"
上る,のぼる,"to ascend,to go up,to climb"
年度,ねんど,"year,fiscal year,school year,term"
,すくなくとも,at least
,しあさって,two days after tomorrow
,しゃっくり,"hiccough,hiccup"
話し掛ける,はなしかける,"to accost a person,to talk (to someone)"
伝わる,つたわる,"to be handed down,to be introduced,to be transmitted"
乾燥,かんそう,"dry,arid,insipid,dehydrated"
火傷,やけど,"burn,scald"
,ダイヤモンド,diamond
御無沙汰,ごぶさた,not writing or contacting for a while
夜行,やこう,"walking around at night,night train,night travel"
真っ暗,まっくら,"total darkness,shortsightedness,pitch dark"
井戸,いど,water well
じゅうたん,（カーペット）,carpet
寒帯,かんたい,frigid zone
個所,かしょ,"passage,place,point,part"
境界,きょうかい,boundary
言付ける,ことづける,"to send word,to send a message"
新幹線,しんかんせん,"bullet train (very high speed),shinkansen"
,こぼれる,"to overflow,to spill"
反る,かえる,"to warp,to be warped,to curve"
雨戸,あまど,sliding storm door
,ビニール,vinyl
解放,かいほう,"release,liberation,emancipation"
外科,げか,surgical department
幼稚,ようち,"infancy,childish,infantile"
湿度,しつど,level of humidity
無沙汰,ぶさた,neglecting to stay in contact
概論,がいろん,"intro,outline,general remarks"
温泉,おんせん,"spa,hot spring,onsen"
手続き,てつづき,"procedure,(legal) process,formalities"
知合い,しりあい,acquaintance
障子,しょうじ,paper sliding door
山林,さんりん,"mountain forest,mountains and forest"
果して,はたして,"as was expected,really"
着せる,きせる,to put on clothes
身分,みぶん,"social position,social status"
大小,だいしょう,size
休息,きゅうそく,"rest,relief,relaxation"
捩る,ねじる,to twist
定価,ていか,established price
坊さん,ぼうさん,"Buddhist priest,monk"
停車,ていしゃ,stopping (e.g. train)
機関車,きかんしゃ,"locomotive,engine"
回答,かいとう,"reply,answer"
公衆,こうしゅう,the public
祖先,そせん,ancestor
羨む,うらやむ,to envy
,おねがいします,please
売り切れる,うりきれる,to be sold out
,おやすみ,"(1) holiday,absence,rest,(2) (exp) Good night"
移転,いてん,"moving,transfer,demise"
司会,しかい,chairmanship
物置,ものおき,storage room
休業,きゅうぎょう,"closed (e.g. store),business suspended,shutdown,holiday"
,コンセント,"(1) consent,(2) concentric"
短編,たんぺん,"short (e.g. story, film)"
碁,ご,Go (board game of capturing territory)
戸棚,とだな,"cupboard,locker,closet,wardrobe"
人命,じんめい,(human) life
,おめでたい,"happy event,matter for congratulation,auspicious event,pregnancy"
立ち止まる,たちどまる,"to stop,to halt,to stand still"
苦心,くしん,"pain,trouble"
用語,ようご,"term,terminology"
終了,しゅうりょう,"end,close,termination"
挟む,はさむ,"to interpose,to hold between,to insert"
物語る,ものがたる,"to tell,to indicate"
診断,しんだん,diagnosis
分類,ぶんるい,classification
,あいまい,"vague,ambiguous"
宣伝,せんでん,"propaganda,publicity"
,こぼす,to spill
有難い,ありがたい,"grateful,thankful,welcome,appreciated,evoking gratitude"
頼もしい,たのもしい,"reliable,trustworthy,hopeful,promising"
出入り,でいり,"in and out,coming and going,free association,income and expenditure,debits and credit"
,ウーマン,woman
,プラットホーム,platform
仕上がる,しあがる,to be finished
芯,しん,"core,heart,wick,marrow"
,だらしない,"slovenly,loose,a slut"
茂る,しげる,"to grow thick,to luxuriate,to be luxurious"
,いつのまにか,"before one knows,unnoticed,unawares"
先程,さきほど,some time ago
吹雪,ふぶき,snow storm
憎い,にくい,"hateful,abominable,poor-looking,detestable"
恩恵,おんけい,"grace,favor,blessing,benefit"
統計,とうけい,"scattering,a scatter,dispersion"
水筒,すいとう,"canteen,flask,water bottle"
輸送,ゆそう,"transport,transportation"
当日,とうじつ,"appointed day,very day"
,うどん,noodles (Japanese)
原料,げんりょう,raw materials
耕す,たがやす,"to till,to plow,to cultivate"
遭う,あう,"to meet,to encounter (undesirable nuance)"
判子,はんこ,seal (used for signature)
面接,めんせつ,interview
散る,ちる,"to fall,to scatter (e.g. blossoms)"
,ステージ,"(1) stage,(2) performance"
見本,みほん,sample
道順,みちじゅん,"itinerary,route"
満点,まんてん,perfect score
公式,こうしき,"formula,formality,official"
貝,かい,"shell,shellfish"
,ぎっしり,"tightly,fully"
寄せる,よせる,"to collect,to gather,to add,to put aside"
普及,ふきゅう,"diffusion,spread"
乗換,のりかえ,"(n) transfer (trains, buses, etc.)"
崩れる,くずれる,"to collapse,to crumble"
都心,としん,heart (of city)
見付ける,みつける,"to be familiar,to discover,to detect"
,ぶつける,"to knock,to run into,to nail on,to strike hard,to hit and attack"
再来年,さらいねん,year after next
,やたらに,"randomly,recklessly,blindly"
中性,ちゅうせい,"neuter gender,neutral (chem.),indifference,sterility"
,プログラム,program
,シーツ,sheet
,やっぱり,"also,as I thought,still,in spite of,absolutely,of course"
,カロリー,calorie
出来上がる,できあがる,"(1) to be finished,to be ready,by definition,(2) to be very drunk"
,アイデア/アイディア,idea
純粋,じゅんすい,"pure,true,genuine,unmixed"
特定,とくてい,"specific,special,particular"
,たんす,chest of drawers
量る,はかる,"to measure,to weigh,to survey"
領収,りょうしゅう,"receipt,voucher"
並木,なみき,"roadside tree,row of trees"
継続,けいぞく,continuation
軟らかい,やわらかい,"soft,tender,limp"
下旬,げじゅん,month (last third of)
代る,かわる,"(v5r,vi) to take the place of,to relieve,to be substituted for"
通勤,つうきん,commuting to work
温室,おんしつ,greenhouse
汚す,よごす,"(1) to disgrace,to dishonour,(2) to pollute,to contaminate,to soil,to make dirty,to stain"
基地,きち,base
正面,しょうめん,"the front,honesty"
引力,いんりょく,gravity
浸ける,つける,"to dip in,to soak"
,アクセント,accent
蝋燭,ろうそく,candle
高級,こうきゅう,"high class,high grade"
,チョーク,"chock,chalk"
皮肉,ひにく,"cynicism,sarcasm"
,ロビー,lobby
外部,がいぶ,"the outside,external"
超過,ちょうか,"excess,being more than"
接する,せっする,"to come in contact with,to connect,to attend,to receive"
送別,そうべつ,"farewell,send-off"
作成,さくせい,"frame,draw up,make,producing"
望遠鏡,ぼうえんきょう,telescope
適確,てきかく,"precise,accurate"
規律,きりつ,"order,rules,law"
更ける,ふける,"to get late,to advance,to wear on"
在る,ある,"to live,to be"
間も無く,まもなく,"soon,before long,in a short time"
孝行,こうこう,filial piety
振り仮名,ふりがな,",pronunciation key"
お帰り,おかえり,"return,welcome"
真っ黒,まっくろ,pitch black
蓋,ふた,"cover,lid,cap"
絵の具,えのぐ,"colors,paints"
,ビルディング,building
女房,にょうぼう,wife
算盤,そろばん,abacus
日時,にちじ,date and time
前後,ぜんご,"around,throughout,front and back,before and behind,before and after"
庖丁,ほうちょう,"kitchen knife,carving knife"
補う,おぎなう,to compensate for
各自,かくじ,"individual,each"
膨らむ,ふくらむ,"to expand,to swell (out),to get big,to become inflated"
思い付く,おもいつく,"to think of,to hit upon"
,いきなり,"(uk) abruptly,suddenly,all of a sudden,without warning"
広げる,ひろげる,"to spread,to extend,to expand,to enlarge"
話中,はなしちゅう,"while talking,the line is busy"
接近,せっきん,"getting closer,drawing nearer,approaching"
縮小,しゅくしょう,"reduction,curtailment"
薬指,くすりゆび,ring finger
治す,なおす,"to cure,to heal,to fix,to correct,to repair"
紙屑,かみくず,wastepaper
,スライド,slide
応ずる,おうずる,"to answer,to respond,to meet,to satisfy,to accept"
,ぜひとも,by all means (with sense of not taking no for an answer)
別々,べつべつ,"separately,individually"
群れ,むれ,"group,crowd,flock,herd"
冠,かんむり,"crown,diadem,first,best"
追い掛ける,おいかける,"to chase or run after someone,to run down,to pursue"
原始,げんし,"origin,primeval"
,かるた,(n) playing cards (pt: carta)
手入れ,ていれ,"repairs,maintenance"
過失,かしつ,"error,blunder,accident"
空っぽ,からっぽ,"empty,vacant,hollow"
,マフラー,"muffler,scarf"
住居,じゅうきょ,"dwelling,house,residence,address"
性質,せいしつ,"nature,property,disposition"
牧場,ぼくじょう,"(1) farm (livestock),(2) pasture land,meadow,grazing land"
巻く,まく,"to wind,to coil,to roll"
潜る,もぐる,"(1) to drive,to pass through,(2) to evade,to hide,(3) to dive (into or under water),to go undergroun"
番地,ばんち,"house number,address"
包装,ほうそう,"packing,wrapping"
役所,やくしょ,"government office,public office"
間隔,かんかく,"space,interval,SPC"
成分,せいぶん,"ingredient,component,composition"
,へる,"to decrease (in size or number),to diminish,to abate"
倉庫,そうこ,"storehouse,warehouse,godown"
縮める,ちぢめる,"to shorten,to reduce,to boil down,to shrink"
注す,さす,"to pour (drink),to serve (drinks)"
縮む,ちぢむ,"to shrink,to be contracted"
味わう,あじわう,"to taste,to savor,to relish"
砕く,くだく,"to break,to smash"
,ハンドル,"handle,steering wheel"
殻,から,"shell,husk,hull,chaff"
削除,さくじょ,"elimination,cancellation,deletion,erasure"
講師,こうし,lecturer
努める,つとめる,"(1) to serve,to fill a post,to serve under,to work (for)"
蒔く,まく,to sow (seeds)
,あいかわらず,"as ever,as usual,the same"
相撲,すもう,sumo wrestling
応接,おうせつ,reception
組合せ,くみあわせ,combination
お参り,おまいり,"worship,shrine visit"
広々,ひろびろ,"extensive,spacious"
能率,のうりつ,efficiency
思い込む,おもいこむ,"to be under impression that,to be convinced that"
,オートメーション,automation
感激,かんげき,"deep emotion,impression,inspiration"
矛盾,むじゅん,"contradiction,inconsistency"
編む,あむ,to knit
重体,じゅうたい,"seriously ill,serious condition,critical state"
要領,ようりょう,"point,gist,essentials,outline"
強化,きょうか,"strengthen,intensify,reinforce,solidify"
長引く,ながびく,"to be prolonged,to drag on"
長方形,ちょうほうけい,"rectangle,oblong"
,パターン,pattern
曲線,きょくせん,curve
工芸,こうげい,industrial arts
,テーマ,"(n) theme,project,topic (de: Thema)"
破れる,やぶれる,"to get torn,to wear out"
落し物,おとしもの,lost property
実用,じつよう,"practical use,utility"
死体,したい,corpse
行事,ぎょうじ,"event,function"
俳句,はいく,haiku poetry
信ずる,しんずる,"to believe,to believe in,to place trust in"
給与,きゅうよ,"allowance,grant,supply"
,みじめ,"(arch) sad,pitiful,wretched"
焦点,しょうてん,"focus,point"
水平線,すいへいせん,horizon
,ストッキング,stockings
終点,しゅうてん,"terminus,last stop (e.g train)"
儲ける,もうける,"to get,to earn,to gain,to have (bear, beget) a child"
編物,あみもの,"knitting,web"
釘,くぎ,nail
役目,やくめ,"duty,business"
真っ青,まっさお,"deep blue,ghastly pale"
整数,せいすう,integer
,こちらこそ,it is I who should say so
上下,じょうげ,"high and low,up and down,unloading and loading,praising and blaming"
重ねる,かさねる,"to pile up,to put something on another,to heap up,to add,to repeat"
溜まる,たまる,"to collect,to gather,to save"
若々しい,わかわかしい,"youthful,young"
消防署,しょうぼうしょ,fire station
,もたれる,"to lean against,to lean on,to recline on,to lie heavy (on the stomach)"
交ざる,まざる,"to be mixed,to be blended with,to associate with,to mingle with,to join"
,コンクール,contest (fr: concours)
掛け算,かけざん,multiplication
秤,はかり,"scales,weighing machine"
錆,さび,rust (colour)
開放,かいほう,"open,throw open,liberalization"
体積,たいせき,"capacity,volume"
工夫,くふう,"labourer,worker"
見学,けんがく,"inspection,study by observation,field trip"
理科,りか,science
寮,りょう,"hostel,dormitory"
合同,ごうどう,"combination,incorporation,union,amalgamation"
言い付ける,いいつける,"to tell,to tell on (someone),to order"
,あくび,yawn
,レジャー,leisure
,おくさん,"(hon) wife,your wife,madam"
一応,いちおう,"once,tentatively,in outline,for the time being"
片仮名,かたかな,katakana
卑怯,ひきょう,"cowardice,meanness,unfairness"
消極的,しょうきょくてき,passive
,カバー,cover (ex. book)
,ひゃっかじてん,encyclopedia
塩辛い,しおからい,salty (taste)
商店,しょうてん,"shop,business firm"
夕立,ゆうだち,(sudden) evening shower (rain)
着ける,つける,"(1) to attach,to join,to add,to append"
,あたりまえ,"usual,common,ordinary"
洒落,しゃれ,"joke,pun,witticism"
割と,わりと,"relatively, comparitively"
匙,さじ,spoon
引分け,ひきわけ,"a draw (in competition),tie game"
,エプロン,apron
民謡,みんよう,"folk song,popular song"
相互,そうご,"mutual,reciprocal"
,ミシン,sewing machine
何分,なにぶん,"what minute?,how many minutes?"
毎度,まいど,"each time,common service-sector greeting"
,あげる (=やる),to do for
回転,かいてん,"rotation,revolution,turning"
消耗,しょうもう,"exhaustion,consumption"
文献,ぶんけん,"literature,books (reference)"
炊く,たく,"to boil,to cook"
発想,はっそう,"expression (music),conceptualization"
性別,せいべつ,"distinction by sex,sex,gender"
中年,ちゅうねん,middle-aged
歯磨き,はみがき,"dentifrice,toothpaste"
浮く,うく,"to float,to become merry,to become loose"
傾く,かたむく,"to incline toward,to slant,to lurch"
,へそ,"navel,belly-button"
投書,とうしょ,"letter to the editor,letter from a reader,contribution"
農薬,のうやく,agricultural chemicals
超す,こす,"to cross,to pass,to tide over"
溜息,ためいき,a sigh
床の間,とこのま,alcove
直前,ちょくぜん,just before
低下,ていか,"fall,decline,lowering,deterioration"
再来月,さらいげつ,month after next
合流,ごうりゅう,"confluence,union,linking up,merge"
粗い,あらい,"coarse,rough"
,インタビュー,interview
頂点,ちょうてん,"top,summit"
地帯,ちたい,"area,zone"
御手洗,おてあらい,font of purifying water placed at entrance of shrine
交流,こうりゅう,"alternating current,intercourse,(cultural) exchange,intermingling"
研修,けんしゅう,training
引っ込む,ひっこむ,"to draw back,to sink,to cave in"
燃やす,もやす,to burn
,あちらこちら,here and there
茶碗,ちゃわん,"rice bowl,tea cup,teacup"
原稿,げんこう,"manuscript,copy"
評論,ひょうろん,"criticism,critique"
間接,かんせつ,"indirection,indirectness"
区分,くぶん,"division,section,classification"
裏返す,うらがえす,"to turn inside out,to turn (something) over"
,おかず,"side dish,accompaniment for rice dishes"
名作,めいさく,masterpiece
作製,さくせい,manufacture
催し,もよおし,"event,festivities,function"
三角,さんかく,"triangle,triangular"
流域,りゅういき,(river) basin
流石,さすが,"clever,adept,good,expectations,as one would expect"
出入口,でいりぐち,exit and entrance
家主,やぬし,landlord
退ける,どける,"to remove,to take away,to dislodge,to put something out of the way"
国立,こくりつ,national
坊や,ぼうや,boy
着替え,きがえ,"changing clothes,change of clothes"
退く,どく,"(1) to retreat,to recede,to withdraw"
上り,のぼり,"up-train (going to Tokyo),ascent"
漸く,ようやく,"gradually,finally,hardly"
這う,はう,"to creep,to crawl"
討つ,うつ,"to attack,to avenge"
始終,しじゅう,"continuously,from beginning to end"
足跡,あしあと,footprints
集会,しゅうかい,"meeting,assembly"
元々,もともと,"originally,by nature,from the start"
平野,へいや,"plain,open field"
灯油,とうゆ,"lamp oil,kerosene"
言葉遣い,ことばづかい,"speech,expression,wording"
しいんと,（する）,"silent (as the grave),(deathly) quiet"
副詞,ふくし,adverb
記号,きごう,"symbol,code"
湿気,しっき,"moisture,humidity,dampness"
納める,おさめる,"to obtain,to reap,to pay,to supply,to accept"
,からかう,"to ridicule,to tease,to banter with,to make fun of"
窓口,まどぐち,ticket window
加速,かそく,acceleration
胡椒,こしょう,pepper
弱点,じゃくてん,"weak point,weakness"
詰まる,つまる,"to be blocked,to be packed"
通貨,つうか,currency
敬語,けいご,"honorific,term of respect"
災難,さいなん,"calamity,misfortune"
,あふれる,"to flood,to overflow,to brim over"
恨む,うらむ,"to curse,to feel bitter"
仮定,かてい,"assumption,supposition,hypothesis"
,トレーニング,training
,タイア,"tire,tyre"
恋しい,こいしい,"(1) dear,beloved,darling,(2) yearned for"
往復,おうふく,"(col) round trip,coming and going,return ticket"
油断,ゆだん,"negligence,unpreparedness"
,はじめまして,"How do you do?,I am glad to meet you"
意義,いぎ,"meaning,significance"
垂直,すいちょく,"vertical,perpendicular"
,くしゃみ,sneeze
悔しい,くやしい,"regrettable,mortifying,vexing"
姓,せい,"surname,family name"
伝記,でんき,"biography,life story"
子孫,しそん,"descendants,posterity,offspring"
,プリント,"print,handout"
意地悪,いじわる,"malicious,ill-tempered,unkind"
神話,しんわ,"myth,legend"
直後,ちょくご,immediately following
住まい,すまい,"dwelling,house,residence,address"
海水浴,かいすいよく,"sea bathing,seawater bath"
,ついで,"opportunity,occasion"
高度,こうど,"altitude,height,advanced"
挙げる,あげる,"to raise,to fly"
醤油,しょうゆ,soy sauce
慰める,なぐさめる,"to comfort,to console"
取り出す,とりだす,"to take out,to produce,to pick out"
退院,たいいん,leaving hospital
直線,ちょくせん,straight line
怪しい,あやしい,"suspicious,dubious,doubtful"
青少年,せいしょうねん,"youth,young person"
目覚し,めざまし,(abbr) alarm-clock
下線,かせん,"underline,underscore"
見掛け,みかけ,outward appearance
枯れる,かれる,"to wither,to die (plant),to be blasted (plant)"
快晴,かいせい,good weather
箸,はし,chopsticks
感想,かんそう,"impressions,thoughts"
月末,げつまつ,end of the month
差し引き,さしひき,"deduction,subtraction,balance,ebb and flow,rise and fall"
濡らす,ぬらす,"to wet,to soak,to dip"
代える,かえる,"to exchange,to interchange,to substitute,to replace"
,もしかすると,"perhaps,maybe,by some chance"
車輪,しゃりん,(car) wheel
鐘,かね,"bell,chime"
展開,てんかい,"develop,expansion (opposite of compression)"
断水,だんすい,water outage
散らかす,ちらかす,"to scatter around,to leave untidy"
飢える,うえる,to starve
店屋,みせや,"store,shop"
塊,かたまり,"lump,mass,clod,cluster"
車掌,しゃしょう,(train) conductor
解答,かいとう,"answer,solution"
迷信,めいしん,superstition
落第,らくだい,"failure,dropping out of a class"
幾分,いくぶん,somewhat
判事,はんじ,"judge,judiciary"
嗅ぐ,かぐ,"to sniff,to smell"
高層,こうそう,upper
,レクリェーション,recreation
,マイナス,minus
干す,ほす,"to air,to dry,to desiccate,to drain (off),to drink up"
接続,せつぞく,"(1) connection,union,join,link,(2) changing trains"
電力,でんりょく,electric power
集合,しゅうごう,"gathering,assembly,meeting,set (math)"
中味,なかみ,"contents,interior,substance,filling,(sword) blade"
妨げる,さまたげる,"to disturb,to prevent"
下水,げすい,"drainage,sewage,ditch,gutter,sewerage"
次ぐ,つぐ,"to rank next to,to come after"
停電,ていでん,failure of electricity
四つ角,よつかど,"four corners,crossroads"
危うい,あやうい,"dangerous,critical,grave"
清書,せいしょ,clean copy
,おととし,year before last
開通,かいつう,"opening,open"
,すれちがう,"to pass by one another,to disagree"
,カラー,"collar,color,colour"
解散,かいさん,"breakup,dissolution"
日の入り,ひのいり,sunset
話合い,はなしあい,"discussion,conference"
言い出す,いいだす,"to start talking,to speak,to tell,to propose,to suggest,to break the ice"
再三,さいさん,"again and again,repeatedly"
方程式,ほうていしき,equation
撒く,まく,"to scatter,to sprinkle,to sow"
免税,めんぜい,"tax exemption,duty exemption"
確率,かくりつ,probability
学力,がくりょく,"scholarship,knowledge,literary ability"
手拭い,てぬぐい,(hand) towel
下降,かこう,"downward,descent,fall,drop,subsidence"
改造,かいぞう,"(1) remodeling,(2) modding (comp)"
電流,でんりゅう,electric current
原理,げんり,"principle,theory,fundamental truth"
,しっぽ,tail (animal)
裂く,さく,"to tear,to split"
社会科学,しゃかいかがく,social science
,こしらえる,"to make,to manufacture"
深まる,ふかまる,"to deepen,to heighten,to intensify"
仲直り,なかなおり,"reconciliation,make peace with"
,あわただしい,"busy,hurried,confused,flurried"
失恋,しつれん,"disappointed love,broken heart,unrequited love,be lovelorn"
農産物,のうさんぶつ,agricultural produce
濃度,のうど,"concentration,brightness"
脂,あぶら,"fat,tallow,lard"
剃刀,かみそり,razor
溶く,とく,to dissolve (paint)
,ごくろうさま,Thank you very much for your....
無限,むげん,infinite
囁く,ささやく,"to whisper,to murmur"
受験,じゅけん,taking an examination
応援,おうえん,"aid,assistance,help,reinforcement"
観念,かんねん,"(1) idea,notion,conception,(2) sense (e.g. of duty)"
湿る,しめる,"to be wet,to become wet,to be damp"
虹,にじ,rainbow
光線,こうせん,"beam,light ray"
損得,そんとく,"loss and gain,advantage and disadvantage"
口実,こうじつ,excuse
引算,ひきざん,subtraction
,ダブル,double
伝染,でんせん,contagion
湯気,ゆげ,"steam,vapour"
恵まれる,めぐまれる,"to be blessed with,to be rich in"
拝見,はいけん,"(hum) (pol) seeing,look at"
儀式,ぎしき,"ceremony,rite,ritual,service"
論ずる,ろんずる,"to argue,to discuss,to debate"
和服,わふく,Japanese clothes
定規,じょうぎ,(measuring) ruler
鈍い,のろい,"dull (e.g. a knife),thickheaded,slow (opposite of fast),stupid"
五十音,ごじゅうおん,the Japanese syllabary
,ジャーナリスト,journalist
筆者,ひっしゃ,"writer,author"
相違,そうい,"difference,discrepancy,variation"
,サラリーマン,"salary man,company employee"
役人,やくにん,government official
噴火,ふんか,eruption
,ボーナス,bonus
,くるむ,"to be engulfed in,to be enveloped by,to wrap up"
襖,ふすま,sliding screen
盛る,もる,"(1) to serve (food, etc.),(2) to fill up,(3) to prescribe"
重なる,かさなる,"to be piled up,lie on top of one another,overlap each other"
,そのうえ,"in addition,furthermore"
大木,たいぼく,large tree
名字,みょうじ,"surname,family name"
防止,ぼうし,"prevention,check"
,つまずく,"to stumble,to trip"
脱線,だっせん,"derailment,digression"
葬式,そうしき,funeral
,しみじみ,"keenly,deeply,heartily"
大層,たいそう,"very much,exaggerated,very fine"
生年月日,せいねんがっぴ,birth date
組み立てる,くみたてる,"to assemble,to set up,to construct"
先祖,せんぞ,ancestor
,ラッシュアワー,rush hour
担ぐ,かつぐ,"to shoulder,to carry on shoulder"
速力,そくりょく,speed
図鑑,ずかん,picture book
曲げる,まげる,"to bend,to crook,to lean"
商社,しょうしゃ,"trading company,firm"
助教授,じょきょうじゅ,assistant professor
拝む,おがむ,"to worship,to beg,to make a supplication"
凹む,へこむ,"to be dented,to be indented,to yield to,to give,to sink,to collapse,to cave in,to be snubbed"
放れる,はなれる,"to leave,to get free,to cut oneself off"
粒,つぶ,grain
磁石,じしゃく,magnet
憎らしい,にくらしい,"odious,hateful"
強引,ごういん,"overbearing,coercive,pushy,forcible,high-handed"
口紅,くちべに,lipstick
櫛,くし,comb
会館,かいかん,"meeting hall,assembly hall"
不規則,ふきそく,"irregularity,unsteadiness,disorderly"
灰色,はいいろ,"grey,gray,ashen"
方面,ほうめん,"direction,district,field (e.g., of study)"
図表,ずひょう,"chart,diagram,graph"
跳ぶ,とぶ,"to jump,to fly,to leap"
引っ掛かる,ひっかかる,"to be caught in,to be stuck in,to be cheated"
関東,かんとう,"eastern half of Japan, including Tokyo"
速達,そくたつ,"express,special delivery"
物差し,ものさし,"ruler,measure"
命ずる,めいずる,"to command,to appoint"
格別,かくべつ,exceptional
混ざる,まざる,"to be mixed,to be blended with,to associate with,to mingle with,to join"
留まる,とどまる,"(1) to be fixed,(2) to abide,to stay (in the one place)"
自衛,じえい,self-defense
,テンポ,tempo
過程,かてい,process
測る,はかる,"to measure,to weigh,to survey"
慶び,よろこび,"(n) (a) joy,(a) delight,rapture,pleasure,gratification,rejoicing,congratulations,felicitations"
欄,らん,column of text (e.g. as in a newspaper)
肯定,こうてい,"positive,affirmation"
入れ物,いれもの,"container,case,receptacle"
薄暗い,うすぐらい,"dim,gloomy"
下書き,したがき,"rough copy,draft"
,ごめんください,May I come in?
,すまない,sorry (phrase)
例外,れいがい,exception
背負う,せおう,"to be burdened with,to carry on back or shoulder"
見出し,みだし,"heading,caption,subtitle,index"
蘇る,よみがえる,"to be resurrected,to be revived,to be resuscitated,to be rehabilitated"
,どなる,"to shout,to yell"
付合う,つきあう,"to associate with,to keep company with,to get on with"
回数,かいすう,"number of times,frequency"
繋がる,つながる,"to be tied together,to be connected to,to be related to"
,ふざける,"to romp,to gambol,to frolic,to joke"
半径,はんけい,radius
,しびれる,"to become numb,to go to sleep (i.e., a limb)"
生意気,なまいき,"impertinent,saucy,cheeky,conceit,audacious,brazen"
例える,たとえる,"to compare,to liken,to speak figuratively,to illustrate,to use a simile"
感ずる,かんずる,"to feel,to sense"
,シーズン,season (sporting)
気体,きたい,"vapour,gas"
噴水,ふんすい,water fountain
通路,つうろ,"passage,pathway"
凍える,こごえる,"to freeze,to be chilled,to be frozen"
通知,つうち,"notice,notification"
追加,ついか,"addition,supplement,appendix"
図形,ずけい,figure
,そういえば,which reminds me ..
通用,つうよう,"popular use,circulation"
純情,じゅんじょう,"pure heart,naivete,self-sacrificing devotion"
末っ子,すえっこ,youngest child
政党,せいとう,(member of) political party
照らす,てらす,"to shine on,to illuminate"
踏切,ふみきり,"railway crossing,level crossing,starting line,scratch,crossover"
採点,さいてん,"marking,grading,looking over"
単数,たんすう,singular (number)
海洋,かいよう,ocean
受け持つ,うけもつ,to take (be in) charge of
申請,しんせい,"application,request,petition"
附属,ふぞく,"attached,belonging,affiliated"
独り言,ひとりごと,"a soliloquy,a monologue,speaking to oneself"
点々,てんてん,"here and there,little by little"
,さわやか,"fresh,refreshing,invigorating"
,たちまち,"at once,in a moment,suddenly,all at once"
中指,なかゆび,middle finger
,リズム,rhythm
制作,せいさく,"work (film, book)"
,しつこい,"insistent,obstinate"
請う,こう,"to ask,to request"
Ͼ立,たいりつ,"confrontation,opposition,antagonism"
貸間,かしま,room to let
,こっそり,"stealthily,secretly"
姿勢,しせい,"attitude,posture"
,あてはめる,"to apply,to adapt"
社説,しゃせつ,"editorial,leading article"
係わる,かかわる,"to concern oneself in,to have to do with,to affect,to influence,to stick to (opinions)"
形容動詞,けいようどうし,"adjectival noun,quasi-adjective"
学部,がくぶ,"department of a university,undergraduate"
主役,しゅやく,"leading part,leading actor (actress)"
載る,のる,"to appear (in print),to be recorded"
標本,ひょうほん,"example,specimen"
続々,ぞくぞく,"successively,one after another"
夕刊,ゆうかん,evening paper
刺身,さしみ,sliced raw fish
木材,もくざい,"lumber,timber,wood"
頭脳,ずのう,"head,brains,intellect"
調整,ちょうせい,"regulation,adjustment,tuning"
在学,ざいがく,(enrolled) in school
見送る,みおくる,"(1) to see off,to farewell,(2) to escort,(3) to let pass"
混ぜる,まぜる,"to mix,to stir"
工事,こうじ,construction work
過剰,かじょう,"excess,over-"
改めて,あらためて,"another time,again,over again,anew,formally"
紺,こん,"navy blue,deep blue"
肌着,はだぎ,underwear
騒々しい,そうぞうしい,"noisy,boisterous"
重役,じゅうやく,"director,high executive"
,ピストル,pistol
指定,してい,"designation,specification,assignment,pointing at"
羨ましい,うらやましい,"envious,enviable"
半島,はんとう,peninsula
体系,たいけい,"system,organization"
甚だしい,はなはだしい,"extreme,excessive,terrible"
個体,こたい,an individual
人造,じんぞう,"man-made,synthetic,artificial"
塵紙,ちりがみ,"tissue paper,toilet paper"
早速,さっそく,"at once,immediately,without delay,promptly"
水平,すいへい,"water level,horizon"
以後,いご,"after this,from now on,hereafter,thereafter"
不潔,ふけつ,"unclean,dirty,filthy,impure"
,ブラウス,blouse
揉む,もむ,"to rub,to crumple (up),to wrinkle"
薬局,やっきょく,"pharmacy,drugstore"
書留,かきとめ,"writing down,putting on record,recording,making a note of,registration (of mail)"
溶岩,ようがん,lava
爪,つめ,"fingernail or toenail,claw,talon,hoof"
,コック,"(1) cook (nl:),(2) tap,spigot,faucet,cock"
目次,もくじ,table of contents
欲張り,よくばり,"avarice,covetousness,greed"
,シリーズ,series
各々,おのおの,"each,every,either,respectively,severally"
屑,くず,"waste,scrap"
敬う,うやまう,"to show respect,to honour"
発揮,はっき,"exhibition,demonstration,utilization,display"
重点,じゅうてん,"important point,lay stress on,colon,emphasis"
名詞,めいし,noun
項目,こうもく,item
,あわてる,to become confused
混じる,まじる,"to be mixed,to be blended with,to associate with"
皮膚,ひふ,skin
強気,つよき,"firm,strong"
遡る,さかのぼる,"to go back,to go upstream,to make retroactive"
体制,たいせい,"order,system,structure,set-up,organization"
出迎える,でむかえる,"to meet,to greet"
,すっぱい,"sour,acid"
,めでたい,"happy,simple soul,propitious,joyous"
時間割,じかんわり,"timetable,schedule"
線路,せんろ,"line,track,roadbed"
逸れる,それる,"to stray (turn) from subject,to get lost,to go astray"
貯蔵,ちょぞう,"storage,preservation"
,みっともない,"shameful,indecent"
小学生,しょうがくせい,grade school student
,レインコート,raincoat
竹,たけ,"bamboo,middle (of a three-tier ranking system)"
包帯,ほうたい,"bandage,dressing"
短期,たんき,short term
栓,せん,"stopper,cork,stopcock"
艶,つや,"gloss,glaze"
,しぼむ,"to wither,to fade (away),to shrivel,to wilt"
飾り,かざり,decoration
平気,へいき,"coolness,calmness,composure,unconcern"
透き通る,すきとおる,to be(come) transparent
探る,さぐる,"to search,to look for,to sound out"
,さきおととい,two days before yesterday
謙虚,けんきょ,"modesty,humility"
苦情,くじょう,"complaint,troubles,objection"
締め切る,しめきる,to shut up
俄,にわか,"sudden,abrupt,unexpected,improvised,offhand"
,しゃがむ,to squat
彫刻,ちょうこく,"carving,engraving,sculpture"
製作,せいさく,"manufacture,production"
太鼓,たいこ,"drum,tambourine"
鈍い,にぶい,"dull (e.g. a knife),thickheaded,slow (opposite of fast),stupid"
蚊,か,mosquito
麓,ふもと,"the foot,the bottom,the base (of a mountain)"
測定,そくてい,measurement
行列,ぎょうれつ,"(1) line,procession,(2) matrix (math)"
国籍,こくせき,nationality
祝日,しゅくじつ,national holiday
発売,はつばい,sale
,オイル,"oil,engine oil,kerosene"
裏口,うらぐち,"backdoor,rear entrance"
迫る,せまる,"to draw near,to press"
薄める,うすめる,"to dilute,to water down"
厚かましい,あつかましい,"impudent,shameless,brazen"
欧米,おうべい,"Europe and America,the West"
先々月,せんせんげつ,month before last
先頭,せんとう,"head,lead,vanguard,first"
助かる,たすかる,"to be saved,to be rescued,to survive,to be helpful"
転がる,ころがる,"to roll,to tumble"
ミリ,（メートル）,"milli-,10^-3"
亡くす,なくす,"to lose someone, wife, child, etc"
地下水,ちかすい,underground water
涼む,すずむ,"to cool oneself,to cool off,to enjoy evening cool"
別荘,べっそう,"holiday house,villa"
素質,そしつ,"character,qualities,genius"
割算,わりざん,division (math)
気圧,きあつ,atmospheric pressure
,ギャング,gang
溜める,ためる,"to amass,to accumulate"
清い,きよい,"clear,pure,noble"
,プラスチック,plastic
寺院,じいん,temple
食器,しょっき,tableware
差し支え,さしつかえ,"hindrance,impediment"
毛皮,けがわ,"fur,skin,pelt"
,さっさと,quickly
児童,じどう,"children,juvenile"
紅葉,こうよう,(1) (Japanese) maple
漁師,りょうし,fisherman
幼稚園,ようちえん,kindergarten
片付く,かたづく,"to put in order,to dispose of,to solve"
拡張,かくちょう,"expansion,extension,enlargement,escape (ESC)"
針金,はりがね,wire
風船,ふうせん,balloon
発つ,たつ,"to depart (on a plane, train, etc.)"
,どうぞよろしく,pleased to meet you
容積,ようせき,"capacity,volume"
好き嫌い,すききらい,"likes and dislikes,taste"
腰掛け,こしかけ,"seat,bench"
,そうして,"and,like that"
生き生き,いきいき,"vividly,lively"
目安,めやす,"criterion,aim"
佚,いつ,"be lost,peace,hide,mistake,beautiful,in turn"
符号,ふごう,"sign,mark,symbol"
瀬戸物,せともの,"earthenware,crockery,china"
水素,すいそ,hydrogen
書取,かきとり,dictation
盆地,ぼんち,basin (e.g. between mountains)
上級,じょうきゅう,"advanced level,high grade,senior"
修繕,しゅうぜん,"repair,mending"
琴,こと,Koto (Japanese harp)
大凡,おおよそ,"about,roughly,as a rule,approximately"
応対,おうたい,"receiving,dealing with"
偶数,ぐうすう,even number
交差,こうさ,cross
威張る,いばる,"to be proud,to swagger"
,ぺん,pen
三日月,みかづき,"new moon,crescent moon"
滝,たき,waterfall
,おはよう,(abbr) Good morning
憎む,にくむ,"to hate,to detest"
,ウエートレス,waitress
通訳,つうやく,interpretation
筆記,ひっき,"(taking) notes,copying"
登場,とうじょう,entry (on stage)
衣食住,いしょくじゅう,"necessities of life (food, clothing, etc.)"
自然科学,しぜんかがく,natural science
薬品,やくひん,"medicine(s),chemical(s)"
厳重,げんじゅう,"strict,rigour,severe,firm"
県庁,けんちょう,prefectural office
洋品店,ようひんてん,shop which handles Western-style apparel and accessories
重たい,おもたい,"heavy,massive,serious"
交ぜる,まぜる,"to be mixed,to be blended with"
,いよいよ,"more and more,all the more,increasingly,at last,beyond doubt"
,いちいち,"one by one,separately"
力強い,ちからづよい,"reassuring,emboldened"
刻む,きざむ,"to mince,to carve,to engrave"
余る,あまる,"to remain,to be left over,to be in excess,to be too many"
等分,とうぶん,division into equal parts
基礎,きそ,"foundation,basis"
,そそっかしい,"careless,thoughtless"
,モーター,motor
近付ける,ちかづける,"to bring near,to put close,to let come near,to associate with"
兵隊,へいたい,"soldier,sailor"
存じる,ぞんじる,(hum) to know
基準,きじゅん,"standard,basis,criteria,norm"
植木,うえき,"garden shrubs,trees,potted plant"
狡い,ずるい,"sly,cunning"
算数,さんすう,arithmetic
日課,にっか,"daily lesson,daily work,daily routine"
,まぶしい,"dazzling,radiant"
明き,あき,"room,time to spare,emptiness"
深夜,しんや,late at night
羽根,はね,shuttlecock
手前,てまえ,"before,this side,we,you"
地質,ちしつ,geological features
渇く,かわく,to be thirsty
載せる,のせる,"to place on (something),to take on board,to give a ride"
夕日,ゆうひ,"(in) the evening sun,setting sun"
後輩,こうはい,junior (at work or school)
坊っちゃん,ぼっちゃん,son (of others)
払い戻す,はらいもどす,"to repay,to pay back"
仮名,かな,"(n) alias,pseudonym,pen name"
却って,かえって,"on the contrary,rather,all the more,instead"
一斉,いっせい,"simultaneous,all at once"
便所,べんじょ,"toilet,lavatory,rest room,latrine,comfort station"
日日,ひにち,"every day,daily,day after day"
献立,こんだて,"menu,program,schedule"
花火,はなび,fireworks
,バック,back
膨らます,ふくらます,"to swell,to expand,to inflate,to bulge"
,うろうろ,"loiteringly,aimless wandering"
,なにしろ,"at any rate,anyhow,anyway,in any case"
巡査,じゅんさ,"police,policeman"
出来上がり,できあがり,"be finished,ready,made for,cut out"
何々,なになに,"such and such,What?"
,ピンク,pink
連合,れんごう,"union,alliance"
特売,とくばい,special sale
私立,しりつ,private (establishment)
,バンド,band
録音,ろくおん,(audio) recording
休講,きゅうこう,lecture cancelled
,リボン,ribbon
羊毛,ようもう,wool
,ショップ,a shop
,スチュワーデス,stewardess
摩擦,まさつ,"friction,rubbing,rubdown,chafe"
天皇,てんのう,Emperor of Japan
増大,ぞうだい,enlargement
実力,じつりょく,"merit,efficiency,arms,force"
,サイレン,siren
募集,ぼしゅう,"recruiting,taking applications"
絶えず,たえず,constantly
待合室,まちあいしつ,waiting room
,ランチ,"launch,lunch"
好き好き,すきずき,matter of taste
大分,だいぶん,"considerably,greatly,a lot"
自習,じしゅう,self-study
見舞う,みまう,"to ask after (health),to visit"
捻る,ひねる,"to turn (a switch) on or off,to twist,to puzzle over"
輸血,ゆけつ,blood transfusion
書道,しょどう,calligraphy
素人,しろうと,"amateur,novice"
看病,かんびょう,nursing (a patient)
,あれこれ,"one thing or another,this and that,this or that"
学科,がっか,"study subject,course of study"
形容詞,けいようし,true adjective
分布,ぶんぷ,distribution
透明,とうめい,"transparency,cleanness"
書店,しょてん,bookshop
課程,かてい,"course,curriculum"
乾杯,かんぱい,toast (drink)
,パンツ,underpants
砕ける,くだける,"to break,to be broken"
古典,こてん,"old book,classics,classic"
部首,ぶしゅ,radical (of a kanji character)
飢饉,ききん,famine
創作,そうさく,"production,literary creation,work"
重力,じゅうりょく,gravity
,ナンバー,number
心当たり,こころあたり,"having some knowledge of,happening to know"
部品,ぶひん,"parts,accessories"
煎る,いる,"to parch,to fry"
名刺,めいし,business card
謎謎,なぞなぞ,"riddle,puzzle,enigma"
,セメント,cement
売行き,うれゆき,sales
当番,とうばん,being on duty
風呂敷,ふろしき,"wrapping cloth,cloth wrapper"
,さようなら,good-bye
催促,さいそく,"request,demand,claim,urge (action),press for"
東洋,とうよう,Orient
悠々,ゆうゆう,"quiet,calm,leisurely"
映す,うつす,"to project,to reflect,to cast (shadow)"
,どっと,suddenly
温帯,おんたい,temperate zone
引受る,ひきうける,"to undertake,to take up,to take over"
電波,でんぱ,electro-magnetic wave
初旬,しょじゅん,first 10 days of the month
険しい,けわしい,"inaccessible place,sharp eyes"
着々,ちゃくちゃく,steadily
真っ白,まっしろ,pure white
,リットル,litre
一昨日,いっさくじつ,day before yesterday
派手,はで,"showy,loud,gay,flashy,gaudy"
お手伝いさん,おてつだいさん,maid
懐かしい,なつかしい,"dear,desired,missed"
中途,ちゅうと,"in the middle,half-way"
主語,しゅご,(gram) subject
円い,まるい,"round,circular,spherical"
縮れる,ちぢれる,"to be wavy,to be curled"
折角,せっかく,"with trouble,at great pains,long-awaited"
出迎え,でむかえ,"meeting,reception"
,おさきに,"before,ahead,previously"
平凡,へいぼん,"common,commonplace,ordinary,mediocre"
挟まる,はさまる,"to get between,to be caught in"
馴れる,なれる,"to become domesticated,to become tame"
,シャッター,shutter
点数,てんすう,"marks,points,score,runs"
街角,まちかど,street corner
但し,ただし,"but,however,provided that"
,おじゃまします,Excuse me for disturbing you
揃える,そろえる,"to put things in order,to arrange,to make uniform,to get something ready"
述語,じゅつご,predicate
扇風機,せんぷうき,electric fan
墨,すみ,ink
至急,しきゅう,"urgent,pressing"
,ぶつぶつ,"grumbling,complaining in a small voice"
中間,ちゅうかん,"middle,midway,interim"
正味,しょうみ,net (weight)
東西,とうざい,"East and West,whole country"
日当たり,ひあたり,"exposure to the sun,sunny place"
冷やす,ひやす,"to cool,to refrigerate"
,おまたせしました,Sorry to have kept you waiting
実例,じつれい,"example,illustration"
角度,かくど,angle
自治,じち,"self-government,autonomy"
総理大臣,そうりだいじん,Prime Minister
,なぐる,"to strike,to hit"
団地,だんち,multi-unit apartments
盗難,とうなん,"theft,robbery"
引越し,ひっこし,"moving (dwelling etc.),changing residence"
問い合わせ,といあわせ,"enquiry,ENQ"
因る,よる,to come from
争う,あらそう,"to dispute,to argue,to be at variance,to compete"
湧く,わく,"to boil,to grow hot,to get excited,to gush forth"
物凄い,ものすごい,"earth-shattering,staggering,to a very great extent"
過半数,かはんすう,majority
預かる,あずかる,"to keep in custody,to receive on deposit,to take charge of"
冷凍,れいとう,"freezing,cold storage,refrigeration"
昼寝,ひるね,"nap (at home),siesta"
,ウール,wool
叔父さん,おじさん,"middle-aged gentleman,uncle"
醜い,みにくい,ugly
飛び込む,とびこむ,"to jump in,to leap in,to plunge into,to dive"
,アンテナ,antenna
,ねじ,(a) screw
酌む,くむ,to serve sake
,センチ,"centimeter,centi-,10^-2"
順序,じゅんじょ,"order,sequence,procedure"
休養,きゅうよう,"rest,break,recreation"
日用品,にちようひん,daily necessities
功績,こうせき,"achievements,merit,meritorious service,meritorious deed"
,フライパン,"fry pan,frying pan"
引返す,ひきかえす,"to repeat,to send back,to bring back"
隔てる,へだてる,to be shut out
水産,すいさん,"marine products,fisheries"
斬る,きる,"(v5r) to behead,to murder"
汁,しる,"juice,sap,soup,broth"
御覧,ごらん,"(hon) look,inspection,try"
吊す,つるす,to hang
,ガム,chewing gum
起床,きしょう,"rising,getting out of bed"
直角,ちょっかく,right angle
省略,しょうりゃく,"omission,abbreviation,abridgment"
校舎,こうしゃ,school building
生長,せいちょう,"growth,increment"
森林,しんりん,"forest,woods"
零点,れいてん,"zero,no marks"
集金,しゅうきん,money collection
峠,とうげ,"ridge,(mountain) pass,difficult part"
出合い,であい,an encounter
父母,ふぼ,"father and mother,parents"
一通り,ひととおり,"ordinary,usual,in general,briefly"
先端,せんたん,"pointed end,tip,fine point"
響く,ひびく,to resound
殖える,ふえる,"to increase,to multiply"
又は,または,"or,otherwise"
交じる,まじる,"to be mixed,to be blended with,to associate with"
属する,ぞくする,"to belong to,to come under,to be affiliated with,to be subject to"
,めちゃくちゃ,"absurd,unreasonable,excessive,messed up,spoiled,wreaked"
直流,ちょくりゅう,direct current
規準,きじゅん,"standard,basis,criteria,norm"
標準,ひょうじゅん,"standard,level"
,ゆでる,to boil
繋がり,つながり,"connection,link,relationship"
定休日,ていきゅうび,regular holiday
目指す,めざす,"to aim at,to have an eye on"
,ビタミン,vitamin
水曜,すいよう,Wednesday
敷地,しきち,site
永い,ながい,"long,lengthy"
,あぶる,to scorch
惜しい,おしい,"regrettable,disappointing,precious"
売り切れ,うりきれ,sold-out
下品,げひん,"vulgarity,meanness,indecency,coarseness"
甘やかす,あまやかす,"to pamper,to spoil"
警備,けいび,"defense,guard,policing,security"
片寄る,かたよる,"to be one-sided,to incline,to be partial"
片道,かたみち,one-way (trip)
,エチケット,etiquette
防犯,ぼうはん,prevention of crime
盆,ぼん,"Lantern Festival,Festival of the Dead,tray"
素直,すなお,"obedient,meek,docile,unaffected"
蒸す,むす,"to steam,to poultice,to be sultry"
方角,ほうがく,"direction,way,compass point"
溶け込む,とけこむ,to melt into
利害,りがい,"advantages and disadvantages,interest"
従姉妹,いとこ,cousin (female)
裁縫,さいほう,sewing
凸凹,でこぼこ,"unevenness,roughness,ruggedness"
桁,けた,"column,beam,digit"
撫でる,なでる,"to brush gently,to stroke"
基盤,きばん,"foundation,basis"
用途,ようと,"use,usefulness"
抽象,ちゅうしょう,abstract
,おとなしい,"obedient,docile,quiet"
面倒臭い,めんどうくさい,"bother to do,tiresome"
,かじる,"to chew,to bite (at),to gnaw,to nibble"
,こないだ,"the other day,lately,recently"
溶ける,とける,"to melt,to thaw,to fuse,to dissolve"
拡充,かくじゅう,expansion
下駄,げた,"geta (Japanese footwear),wooden clogs"
換気,かんき,ventilation
,くたびれる,"to get tired,to wear out"
長短,ちょうたん,"length,long and short,+-"
暖まる,あたたまる,"to warm up,to get warm"
睨む,にらむ,"to glare at,to scowl at,to keep an eye on"
容器,ようき,"container,vessel"
気配,けはい,"indication,market trend,worry"
学術,がくじゅつ,"science,learning,scholarship"
,ダム,dumb
傑作,けっさく,"masterpiece,best work,boner,blunder"
期限,きげん,"term,period"
火山,かざん,volcano
整う,ととのう,"to be prepared,to be in order,to be put in order,to be arranged"
開会,かいかい,opening of a meeting
配る,くばる,"to distribute,to deliver"
国王,こくおう,king
吊る,つる,to hang
交通機関,こうつうきかん,transportation facilities
乱暴,らんぼう,"rude,violent,rough,lawless,unreasonable,reckless"
お代わり,おかわり,"second helping,another cup"
澄む,すむ,"to clear (e.g. weather),to become transparent"
親指,おやゆび,thumb
勘違い,かんちがい,"misunderstanding,wrong guess"
小数,しょうすう,"fraction (part of),decimal"
,かしこまりました,certainly!
宴会,えんかい,"party,banquet"
倣う,ならう,"to imitate,to follow,to emulate"
学年,がくねん,"year in school,grade in school"
出掛ける,でかける,"to depart,to set out,to start,to be going out"
,ゼミ,(n) seminar
御辞儀,おじぎ,bow
,くっつける,to attach
人文科学,じんぶんかがく,"social sciences,humanities"
食塩,しょくえん,table salt
解説,かいせつ,"explanation,commentary"
南北,なんぼく,south and north
激増,げきぞう,sudden increase
一定,いってい,"fixed,settled,definite"
針路,しんろ,"course,direction,compass bearing"
一流,いちりゅう,"first class,top grade,foremost,top-notch"
区域,くいき,"limits,boundary,domain,zone,sphere,territory"
飽くまで,あくまで,"to the end,to the last,stubbornly"
動作,どうさ,"action,movements,motions,bearing,behaviour,manners"
潰れる,つぶれる,"to be smashed,to go bankrupt"
四角い,しかくい,square
映る,うつる,"to be reflected,to harmonize with,to come out (photo)"
来日,らいにち,"arrival in Japan,coming to Japan,visit to Japan"
知人,ちじん,"friend,acquaintance"
餅,もち,sticky rice cake
目立つ,めだつ,"to be conspicuous,to stand out"
,またぐ,to straddle
,どうせ,"anyhow,in any case,at any rate"
恨み,うらみ,resentment
彫る,ほる,"to carve,to engrave,to sculpture,to chisel"
,クーラー,"cooler,air conditioner"
官庁,かんちょう,"government office,authorities"
掻く,かく,"to scratch,to perspire"
,モデル,model
塵芥,ごみ,"trash,rubbish"
民間,みんかん,"private,civilian,civil,popular,folk,unofficial"
延長,えんちょう,"extension,elongation,prolongation,lengthening"
祭日,さいじつ,"national holiday,festival day"
,せめて,"offense,method of attack"
延ばす,のばす,"to lengthen,to stretch,to reach out,to grow (beard)"
売上,うりあげ,"amount sold,proceeds"
殖やす,ふやす,"to increase,to add to,to augment"
卒直,そっちょく,"frankness,candour,openheartedness"
掏摸,すり,pickpocket
採る,とる,"(1) to adopt (measure, proposal),(2) to pick (fruit)"
含める,ふくめる,"to include,to instruct,to make one understand"
括弧,かっこ,"parenthesis,brackets"
耕地,こうち,arable land
追い越す,おいこす,"to pass (e.g. car),to outdistance,to outstrip"
発射,はっしゃ,"firing,shooting,discharge,catapult"
焦がす,こがす,"to burn,to scorch,to singe,to char"
心身,しんしん,mind and body
加速度,かそくど,acceleration
,クリーニング,"cleaning,dry cleaning,laundry service"
放る,ほうる,to let go
務める,つとめる,"(1) to serve,to fill a post,to serve under,to work (for)"
,ブラシ,"brushy,brush"
推定,すいてい,"presumption,assumption,estimation"
狙う,ねらう,to aim at
育児,いくじ,"childcare,nursing,upbringing"
索引,さくいん,"index,indices"
溶かす,とかす,"to melt,to dissolve"
,コレクション,"(1) collection,(2) correction"
編集,へんしゅう,"editing,compilation,editorial (e.g. committee)"
,コンクリート,concrete
岬,みさき,cape (on coast)
呼び出す,よびだす,"to summon,to call (e.g. phone)"
,モノレール,monorail
,ひとまず,"for the present,once,in outline"
外れる,はずれる,"to be disconnected,to get out of place,to be off,to be out (e.g. of gear)"
,まあまあ,so-so
,バケツ,"bucket,pail"
液体,えきたい,"liquid,fluid"
資料,しりょう,"materials,data"
煮る,にる,"to boil,to cook"
,メニュー,menu
複写,ふくしゃ,"copy,duplicate"
儲かる,もうかる,"to be profitable,to yield a profit"
座敷,ざしき,tatami room
騒がしい,さわがしい,noisy
煮える,にえる,"to boil,to cook,to be cooked"
矢印,やじるし,directing arrow
句読点,くとうてん,punctuation marks
火口,かこう,"a burner,origin of a fire"
,ファスナー,"fastener,zipper"
擦る,こする,"to rub,to chafe,to file,to frost (glass),to strike (match)"
,どきどき,"throb,beat (fast)"
香水,こうすい,perfume
,くっつく,"to adhere to,to keep close to"
地名,ちめい,place name
纏まる,まとまる,"to be collected,to be settled,to be in order"
匂う,におう,"to be fragrant,to smell,to stink"
取り入れる,とりいれる,"to harvest,to take in,to adopt"
長男,ちょうなん,eldest son
,ネックレス,necklace
嫌がる,いやがる,"to hate,to dislike"
段階,だんかい,"gradation,grade,stage"
紫,むらさき,"purple colour,violet"
地点,ちてん,"site,point on a map"
水分,すいぶん,moisture
以降,いこう,"on and after,hereafter,thereafter"
短所,たんしょ,"(1) defect,demerit,weak point,(2) disadvantage"
牧畜,ぼくちく,stock-farming
,もったいない,"too good,more than one deserves,wasteful,sacrilegious,unworthy of"
漢和,かんわ,Chinese Character-Japanese (e.g. dictionary)
家屋,かおく,"house,building"
平仮名,ひらがな,"hiragana,47 syllables,the cursive syllabary"
治める,おさめる,"(1) to govern,to manage,(2) to subdue"
和英,わえい,Japanese-English
怠る,おこたる,"to neglect,to be off guard,to be feeling better"
唇,くちびる,lips
緩い,ゆるい,"loose,lenient,slow"
時速,じそく,speed (per hour)
文脈,ぶんみゃく,context
繋げる,つなげる,to connect
,だます,"to trick,to cheat,to deceive"
,めまい,"dizziness,giddiness"
交替,こうたい,"alternation,change,relief,relay,shift"
留まる,とまる,"(1) to be fixed,(2) to abide,to stay (in the one place)"
,スタート,start
,めっきり,remarkably
血圧,けつあつ,blood pressure
手頃,てごろ,"moderate,handy"
満員,まんいん,"full house,no vacancy,sold out"
余計,よけい,"too much,unnecessary,abundance,surplus,excess,superfluity"
熱する,ねっする,to heat
乾かす,かわかす,"to dry (clothes, etc.),to desiccate"
私鉄,してつ,private railway
客席,きゃくせき,guest seating
下車,げしゃ,"alighting,getting off"
残らず,のこらず,"all,entirely,completely,without exception"
捕える,とらえる,"to seize,to grasp,to capture,to arrest"
目下,めした,"at present,now"
発電,はつでん,generation (e.g. power)
系統,けいとう,"system,family line,geological formation"
名所,めいしょ,famous place
蒸発,じょうはつ,"evaporation,unexplained disappearance"
恐縮,きょうしゅく,"shame,very kind of you,sorry to trouble"
申し訳ない,もうしわけない,inexcusable
入社,にゅうしゃ,entry to a company
,くどい,"verbose,importunate,heavy (taste)"
遊園地,ゆうえんち,amusement park
逃がす,にがす,"to let loose,to set free,to let escape"
上旬,じょうじゅん,first 10 days of month
,ナイロン,nylon
改札,かいさつ,examination of tickets
周辺,しゅうへん,"circumference,outskirts,environs,(computer) peripheral"
こうして,こうして,thus
突き当たり,つきあたり,end (e.g. of street)
閉会,へいかい,closure
蓄える,たくわえる,"to store,to lay in stock"
小父さん,おじさん,"middle-aged gentleman,uncle"
,ふわふわ,"light,soft"
,スマート,"smart,stylish,slim"
湯飲み,ゆのみ,teacup
近寄る,ちかよる,"to approach,to draw near"
四角,しかく,square
熟語,じゅくご,"idiom,idiomatic phrase,kanji compound"
内科,ないか,"internist clinic,internal medicine"
,ワンピース,one-piece dress
無地,むじ,"plain,unfigured"
焦げる,こげる,"to burn,to be burned"
落着く,おちつく,"to calm down,to settle down"
地味,じみ,"plain,simple"
蕎麦,そば,soba (buckwheat noodles)
改正,かいせい,"revision,amendment,alteration"
器械,きかい,instrument
分量,ぶんりょう,"amount,quantity"
女の人,おんなのひと,woman
生ずる,しょうずる,"to cause,to arise,to be generated"
校庭,こうてい,campus
釣り合う,つりあう,"to balance,to be in harmony,to suit"
各地,かくち,"every place,various places"
,ぼろ,"rag,scrap,tattered clothes,fault (esp. in a pretense)"
静まる,しずまる,"to quieten down,to calm down,to subside"
限度,げんど,"limit,bounds"
楽器,がっき,musical instrument
引出す,ひきだす,"to pull out,to take out,to draw out,to withdraw"
暖める,あたためる,"to warm,to heat"
,コーラス,chorus
高める,たかめる,"to raise,to lift,to boost"
見直す,みなおす,"to look again,to get a better opinion of"
,ダイヤグラム,diagram
混合,こんごう,"mixing,mixture"
夜間,やかん,"at night,nighttime"
,ええと,"let me see,well,er...."
貨物,かもつ,"cargo,freight"
実績,じっせき,"achievements,actual results"
伯母さん,おばさん,(hon) aunt
通帳,つうちょう,passbook
足る,たる,"to be sufficient,to be enough"
泊める,とめる,"to give shelter to,to lodge"
有料,ゆうりょう,"admission-paid,toll"
公共,こうきょう,"public,community,public service,society,communal"
生る,なる,to bear fruit
高等,こうとう,"high class,high grade"
,くだらない,"good-for-nothing,stupid,trivial,worthless"
,おととい,day before yesterday
赤道,せきどう,equator
剥く,むく,"to peel,to skin,to pare,to hull"
,おまちください,Please wait a moment
習字,しゅうじ,penmanship
乾電池,かんでんち,"dry cell,battery"
臨時,りんじ,"temporary,special,extraordinary"
割引,わりびき,"discount,reduction,rebate"
呑気,のんき,"carefree,optimistic,careless,reckless,heedless"
所々,ところどころ,"here and there,some parts (of something)"
留守番,るすばん,"care-taking,caretaker,house-watching"
扇子,せんす,folding fan
方針,ほうしん,"objective,plan,policy"
斜め,ななめ,obliqueness
小指,こゆび,little finger
童話,どうわ,fairy tale
消化,しょうか,digestion
瓶詰,びんづめ,"bottling,bottled"
